State,Adelaide Thunderbirds,Melbourne Vixens,New South Wales Swifts,Queensland Firebirds,West Coast Fever,Canterbury Tactix,Central Pulse,Northern Mystics,Southern Steel,Waikato Bay of Plenty Magic
2008,71.42857143,66.66666667,87.5,85.71428571,33.33,40,0,37.5,71.42857143,88.88888889
2009,87.5,100,33.33333333,66.66666667,42.86,57.14285714,14.28571429,33.33333333,83.33333333,83.33333333
2010,85.71428571,50,77.77777778,71.42857143,50,16.66666667,16.66666667,57.14285714,71.42857143,87.5
2011,42.85714286,66.66666667,57.14285714,100,14.29,14.28571429,28.57142857,66.66666667,50,57.14285714
2012,83.33333333,62.5,85.71428571,71.42857143,33.33,16.66666667,50,62.5,14.28571429,87.5
2013,100,62.5,50,50,57.14,14.28571429,85.71428571,16.66666667,66.66666667,85.71428571
